Frequency (Hz),Channel 1 Magnitude (dB),Channel 2 Magnitude (dB),Channel 2 Phase (deg)
10.00000000000002,0.06166179393950234,1.100499615626586,-14.27585372717093
10.29442419607396,0.04130943737904211,1.13218037175313,-14.68754719405188
10.5975169528713,0.01205896741181165,1.167186743523259,-15.10675901581888
10.9095334937942,-0.02678382020585475,1.205589136164877,-15.53330130410254
11.23073655663941,-0.0771858688520328,1.248250038457819,-15.96808783416606
11.5613966148401,-0.13960817890282,1.29493926063634,-16.41374478368997
11.90179210522173,-0.2152884056866315,1.345774706787211,-16.87440335652444
12.25220966246363,-0.3061606372809403,1.401759961881863,-17.35500271342389
12.61294436046368,-0.4135825197812733,1.462617433321553,-17.85999592625053
12.98429996080916,-0.539756771107003,1.529022018988462,-18.39798577876293
13.36658916856357,-0.6859616435110488,1.601662030453734,-18.97368362716109
13.76013389558409,-0.8538700462199044,1.679641303903796,-19.59289762838857
14.1652655315918,-1.044130105639271,1.764139339759172,-20.2688238854983
14.58232522322308,-1.256801735485098,1.854649337311421,-21.01432444605929
15.01166416129673,-1.491844580067337,1.950694706998329,-21.83755481376393
15.4536438765389,-1.748673809076512,2.052692751109245,-22.75287959123298
15.90863654401519,-2.025763392167567,2.16127788013586,-23.76809627476148
16.37702529652561,-2.321414437541324,2.275666549142254,-24.89446126753552
16.85920454722685,-2.633796125654162,2.394351421616697,-26.13765995087039
17.35558032175318,-2.961074030821165,2.517837497971656,-27.51119022206148
17.86657060011607,-3.300482496343692,2.646799049491998,-29.0247993300503
18.39260566866984,-3.651018612487456,2.778169685701337,-30.68988935683567
18.93412848244015,-4.009215156267087,2.910687899320834,-32.51530793557111
19.49159503812046,-4.374083487854307,3.045038592829889,-34.52217274393776
20.06547475805024,-4.742787918750484,3.178019869496125,-36.72393226777515
20.65625088549832,-5.110926725274075,3.294445114113933,-39.28781158264393
21.26442089158477,-5.46595437338058,3.410263211487985,-41.91260189228187
21.89049689418308,-5.822801155318141,3.520492738951368,-44.7602015668876
22.53500608915597,-6.166415483529393,3.614042253870511,-47.86204108229581
23.19849119428807,-6.49091477949197,3.68530194947164,-51.21884161505076
23.88151090628878,-6.786141101439322,3.721088300276234,-54.87352641568541
24.58464037125028,-7.047250137544382,3.721967172988959,-58.77422593205027
25.30847166895751,-7.268815140160538,3.681402287627362,-62.84881290405305
26.05361431145685,-7.446576309490838,3.595933919743949,-67.12011176148236
26.82069575630396,-7.569030942505341,3.450907273768818,-71.54546964860413
27.61036193492331,-7.638819878845498,3.252776407294658,-76.04397620484784
28.42327779652333,-7.651846646416717,2.993812598198609,-80.56912902033704
29.26012786802609,-7.604605859258083,2.671946902934664,-85.07393427812551
30.12161683048251,-7.501164328962981,2.291034121368718,-89.48508094746589
31.00847011245877,-7.343892298981991,1.852854090374763,-93.75554784662248
31.92143450089312,-7.140177598781153,1.36822079890758,-97.83912350340327
32.86127876993835,-6.897063873067555,0.8357180017602359,-101.7065153986192
33.82879432831848,-6.621895900119064,0.2731498961182001,-105.3477123762163
34.82479588574506,-6.321325637231576,-0.3214243580022635,-108.7438025688579
35.85012213895501,-6.001192295923591,-0.9425325179646187,-111.9049143985505
36.90563647794652,-5.667527102610839,-1.57774996902483,-114.8290178766743
37.99222771300816,-5.324532909016105,-2.22724373308714,-117.5410584059851
39.1108108231542,-4.97632231787635,-2.891350489848729,-120.0522050639932
40.26232772659498,-4.626414961867567,-3.561531034144929,-122.3819441110888
41.44774807389179,-4.27749326379314,-4.240326839180998,-124.5512547480582
42.66807006446487,-3.930231909528432,-4.928172595040875,-126.5851691751697
43.92432128714061,-3.589612948493086,-5.619268823829058,-128.4872076441189
45.21755958544659,-3.25418461580868,-6.317094138604588,-130.2892937418127
46.54887394838362,-2.926001329702017,-7.01927538273119,-132.0221176771487
47.91938542742372,-2.60534362967817,-7.73357492872066,-133.6867064840534
49.33024808050636,-2.29366224838448,-8.461335089807893,-135.3176955517002
50.78264994382946,-1.991360582598389,-9.205562931369407,-136.9337918632029
52.27781403225118,-1.69859962859865,-9.976897121067598,-138.5746585332637
53.81699936914602,-1.416762128346613,-10.77416780100938,-140.2651015057274
55.40150204658327,-1.147041423492162,-11.62514571828014,-142.045122543555
57.03265631671877,-0.8894663451768753,-12.53644389728185,-143.9973430478678
58.71183571531989,-0.6454901426281966,-13.57170795545381,-146.2135018210778
60.4404542183707,-0.4172666310453164,-14.78468898164049,-148.8857626333783
62.21996743272958,-0.2124195856299356,-16.32316008866485,-152.38898483865
64.05187382184238,-0.03785420932279035,-18.84183720943518,-158.369564323738
65.9377159675449,0.009064078252373219,-35.21980686912564,-168.503875736582
67.87908186901464,0.009020791927461722,-36.75262553524476,-167.8700380442118
69.87760627996681,0.009034572313404468,-37.86082524760247,-167.3901646790651
71.93497208522184,0.008925313223350356,-38.77175201385362,-167.0247093465896
74.05291171780111,0.009065752121853007,-39.56580259589128,-166.7057334841805
76.23320861774606,0.008773873032051278,-40.30402861954813,-166.4459481520487
78.47769873388772,0.008678477299666715,-40.98245574233701,-166.2611847752475
80.78827206983348,0.008473148099147492,-41.64344481518968,-166.1909066631771
83.16687427546998,0.008495137817135699,-42.27285841461814,-166.0073520777333
85.61550828532373,0.0083639858695648,-42.85936191466188,-165.9722302217245
88.13623600516053,0.008131673801710267,-43.43014591623017,-165.8237785491895
90.73118004824094,0.007773820273888512,-44.00771831994861,-165.8770171295511
93.40252552269526,0.007550862078413929,-44.54599384347401,-165.8117348789323
96.15252187152475,0.007458201535731963,-45.10437032044753,-165.7569586858172
98.98348476677548,0.007252361500650079,-45.59583128818009,-165.7570557411927
101.897798059481,0.007023374166728946,-46.10642040886952,-165.6501714549914
104.8979157870177,0.006654121718921457,-46.64076155278497,-165.658746802544
107.9863642395603,0.005980507751123244,-47.15117841404768,-165.6926324404941
111.1657440873783,0.005706277499972027,-47.64990480109602,-165.5807798743287
114.4387325707671,0.004906026323189063,-48.14260641899467,-165.580596639865
117.8080857544542,0.004426371037526536,-48.66396210057384,-165.5622181639162
121.2766408483804,0.003701075660827792,-49.13569016550503,-165.2967464237853
124.8473185968136,0.002993077787407131,-49.63012511743385,-165.3274804985674
128.5231257377992,0.001980134126602587,-50.11594988975052,-165.389777845655
132.3071575350253,0.001405785021583763,-50.5990795621215,-165.2451466601297
136.2026003842331,0.0006142409999719939,-51.04435119700376,-165.0156822892448
140.2127344963642,-0.0001666852745418262,-51.53164161752647,-164.8081985695818
144.3409366597062,-0.000906921115225036,-52.04536042873517,-164.7206220765144
148.5906830833655,-0.001847777671889069,-52.49950668582759,-164.5513057820281
152.9655523244556,-0.003059558260405422,-52.90498400694965,-164.1387608021955
157.4692283014689,-0.004279738275683616,-53.39669141816779,-164.0458611202527
162.1055033963733,-0.01042635272295622,-53.86562008318523,-163.7539513706583
166.8782816480374,-0.02494183143135697,-54.45694469706875,-163.5038215293098
171.7915820396798,-0.04897596768338196,-54.86166442988754,-163.6852211757378
176.84954188311,-0.08105618709832321,-55.69349690748885,-162.8154270331773
182.0564203026083,-0.1216760415061646,-55.74609639713809,-162.5445011896741
187.4166018213777,-0.170857510350799,-56.20811873404497,-163.0537735665698
192.9346000535946,-0.2284566170370228,-57.30233016640774,-162.6782855936381
198.6150615051576,-0.294479227712008,-57.26417884916192,-160.387173869978
204.4627694863408,-0.3683187255537447,-57.46422609920552,-160.5705342062545
210.4826481396475,-0.4522815754331202,-58.09438822588496,-161.0675865433282
216.6797665862508,-0.5513374699558411,-58.78753261241972,-159.9445140334729
223.0593431945154,-0.6654005499877825,-58.75442379021889,-159.0777634940156
229.626749974198,-0.7942150596987916,-60.27171181115101,-160.7315345489722
236.3875171000209,-0.9371506222431875,-59.38516095069652,-156.6871369327127
243.3473375684297,-1.094029634625564,-60.39933766891862,-157.9148467292343
250.5120719914615,-1.263376481480173,-60.19769178666353,-155.0744904780494
257.8877535317523,-1.444573345729333,-60.33934754540294,-155.3843705966591
265.4805929828423,-1.636687154831469,-61.35177849081592,-156.1392599175019
273.2969839990628,-1.838100858062252,-62.18671521581908,-155.9676045774739
281.343508479399,-2.048666769341395,-62.84540049694134,-158.6242571588257
289.6269421098658,-2.266572123127305,-62.94556662264402,-152.2741853575954
298.1542600690709,-2.490776730853948,-62.41675172710336,-149.5958254248055
306.9326429017564,-2.719942695767432,-62.3126415633666,-145.1580515785732
315.969482565277,-2.952787385853921,-63.53302182933979,-148.3776184554978
325.2723886540949,-3.188558022848242,-65.12599985544873,-154.6859999711082
334.8491948075481,-3.426308553847193,-66.75571651394019,-160.7728813426402
344.7079653062705,-3.665826953552071,-67.52134100806357,-163.7816936893288
354.8570018628287,-3.906808870152006,-65.10438402170993,-140.4904293526758
365.3048506122958,-4.148177263205074,-63.63260620950217,-133.5050868352116
376.0603093086401,-4.389850753346533,-63.13001619419619,-131.2865983143417
387.1324347329914,-4.631673080903976,-63.40804671688437,-129.0183978563653
398.530550320032,-4.873907805963114,-64.69615895124259,-130.7822831399225
410.2642540089209,-5.116010449140407,-65.27812281567759,-132.2379305418309
422.3434263253659,-5.35799305734005,-66.89843041290588,-135.0244853278792
434.7782387016617,-5.600021934135877,-67.76600343084625,-140.8001883062511
447.5791620416806,-5.841801595923975,-68.28590102454254,-136.7302141963659
460.7569755380374,-6.083378111695884,-70.86350480927216,-144.3439761303157
474.322775748862,-6.324592526828313,-70.37721612120983,-134.3533741518717
488.2879859418048,-6.565527852837908,-66.18563382080657,-120.2104082364171
502.6643657131526,-6.80662362332154,-65.48339125153197,-119.0493014590118
517.4640208901636,-7.046762512312367,-65.88010083901889,-118.4976158825815
532.6994137249421,-7.286654349191275,-64.90329760751803,-112.8572920463949
548.3833733884445,-7.526370466942341,-64.57608805625992,-109.5019617605707
564.5291067734652,-7.765163605848581,-64.31082111819647,-108.3349707585828
581.150209615678,-8.00406198417358,-64.91629671716768,-108.3916752945694
598.2606779421076,-8.24217283444386,-67.11179699470392,-112.4947492813327
615.8749198566831,-8.479211940336315,-68.50862062210663,-108.0253985676972
634.0077676727748,-8.716140837251169,-70.04212173124991,-104.4102608712873
652.6744904029437,-8.952109556834015,-70.44984916469747,-92.80426254090445
671.890806616429,-9.188053352121612,-72.03731912116501,-90.31033558713004
691.6728976751816,-9.422837816391425,-74.22123618591297,-72.60973862742978
712.0374213595964,-9.65703756801833,-76.17427325224756,-40.05260163338913
733.0015258954322,-9.89049779367736,-77.92136805661771,-8.591973479767118
754.5828643937053,-10.12361658657875,-76.19510276047053,13.63179840775749
776.7996097157355,-10.35551651732821,-76.63674837914422,10.786367715736
799.670469775846,-10.5866113781289,-75.8260768812996,-1.170913670528912
823.2147032946282,-10.81652464792217,-74.02651851040092,-31.17032537505482
847.4521360160065,-11.04597645440038,-72.20000135878499,-53.98958212713885
872.403177401772,-11.27362897725592,-69.02368312333348,-63.98662950708786
898.0888378176585,-11.50051803715165,-66.69083085790567,-74.21619589564102
924.5307462254045,-11.7272979457079,-65.00926974193197,-85.69384724003008
951.7511683957098,-11.95167086021431,-63.57352599049697,-82.58418432571452
979.7730256574437,-12.17615339611782,-62.24530248259909,-83.29279910849364
1008.619914198858,-12.39832696067995,-61.74095636328106,-88.12030563696638
1038.316124937074,-12.61938192462242,-62.00811241653807,-88.20074062156546
1068.886663972595,-12.83982727970862,-61.32622246946597,-88.7849864277802
1100.357273646025,-13.05774200095974,-61.01701165404462,-88.13618851848365
1132.75445421476,-13.27552339820683,-60.19452438085204,-88.83117508806615
1166.105486167895,-13.49097092772847,-60.26998049417296,-85.56479914578055
1200.438453198136,-13.70416981668821,-59.79616550027028,-85.51540692711038
1235.782265850047,-13.91699521629742,-59.39308408548023,-87.6337363295039
1272.166685864579,-14.12783823203813,-58.51494754040151,-86.67731129642172
1309.622351240355,-14.33631150427328,-58.59941964164612,-87.12973654502615
1348.180802032795,-14.54317831386373,-57.45557540915262,-93.36702045122055
1387.874506912877,-14.7490754726897,-57.12531425955935,-92.87726930176366
1428.736890507814,-14.95183489927312,-57.09158822936962,-93.32721586280911
1470.802361546705,-15.1534913785417,-55.68418102863483,-97.5858166949585
1514.106341834908,-15.35220314692199,-55.45037771718161,-94.71637937715226
1558.685296081431,-15.54773399386989,-55.40489904466534,-96.8637438036164
1604.576762604535,-15.74253089434885,-54.33818764923031,-99.46500611385376
1651.819384941411,-15.93533126104384,-54.6120464351453,-102.5357734472026
1700.452944388487,-16.12470937047369,-54.17627094327682,-100.8942610641249
1750.518393499801,-16.31222031039917,-53.5757513214978,-103.6343289728939
1802.057890571683,-16.49743949136532,-52.944368580083,-105.0820910026128
1855.114835142713,-16.67853383088864,-53.11512988116345,-104.7311306118095
1909.733904538886,-16.85831663346555,-52.39242476455784,-108.7894803713496
1965.961091494787,-17.03480386425178,-52.27123224914643,-110.0289736244376
2023.843742882388,-17.20796232351645,-51.46630173561342,-109.2067434469788
2083.430599580132,-17.37943905025958,-51.25256392650186,-110.8279353383657
2144.771837515857,-17.54716573137608,-51.29535109533016,-112.3708484201118
2207.919109918119,-17.71254810813715,-50.6108774604221,-116.6414110006897
2272.925590811514,-17.87326890609027,-50.21122971947533,-116.678064757389
2339.846019792573,-18.0327475445998,-50.13043943373484,-118.4956876186178
2408.736748123996,-18.18795979282207,-49.84956820743774,-119.3649668974772
2479.655786186014,-18.34187809044617,-49.22958891888952,-121.8484004376458
2552.662852324807,-18.49089662678905,-49.32068364201901,-123.6890371202614
2627.819423139162,-18.63677275394666,-48.76638644246842,-126.0283958587244
2705.188785247687,-18.77969732120467,-48.59332871899604,-129.9302920948364
2784.836088580165,-18.91810311711069,-48.43638539354235,-128.8330723494948
2866.828401237959,-19.05478162841179,-48.10067170738962,-131.9853562719091
2951.234765969603,-19.1878848544181,-48.09247639401602,-134.8587013481545
3038.126258309209,-19.31697347485708,-47.59515674910884,-137.7868666524453
3127.576046426593,-19.44409913388445,-47.78186414636933,-141.112313925572
3219.659452739522,-19.56760232860752,-47.66471911376296,-140.4006455780382
3314.454017339991,-19.68792947544764,-47.46221758847304,-145.8971226794952
3412.03956328793,-19.80404038302803,-47.25129396413657,-145.0342740502025
3512.498263827285,-19.91689984925159,-47.33421516719272,-149.1016062614358
3615.914711581131,-20.02958573037591,-47.22160698039507,-150.9390803509301
3722.375989784047,-20.13502273782946,-47.15327841296642,-153.2868536598794
3831.971745611761,-20.24155724342755,-46.85722349820087,-154.4856682807887
3944.794265669743,-20.34341093408652,-46.8653274862459,-158.7438090202646
4060.938553704433,-20.44012770063938,-46.84196177474769,-162.8781830628986
4180.502410602446,-20.53564518411788,-46.88574112851911,-163.4976460004283
4303.586516745128,-20.63043171656269,-46.70907321404974,-170.3270272566799
4430.294516787861,-20.72186632451283,-46.55541019485437,-169.0096552120554
4560.73310693547,-20.80801765011106,-46.63200181936432,-174.1475134630268
4695.012124787196,-20.89484185655347,-46.71011540882509,-175.2784311069393
4833.244641826987,-20.97453211999069,-46.5444085719899,36.9720738395487
4975.54705863685,-21.05529844992388,-46.80971974752148,176.9077855925689
5122.03920291357,-21.13592262978793,-47.25215381825672,176.4245429436432
5272.844430371278,-21.21479996725214,-47.20503049984126,172.884661912319
5428.089728614785,-21.27881981898112,-47.13427550099516,170.4345733858761
5587.905824071245,-21.35076148148229,-47.11143617397568,166.4734581908785
5752.427292070155,-21.41774826344733,-47.29984605828335,167.591511972285
5921.792670164315,-21.48374144372334,-47.4414468274928,162.4699156838888
6096.144574787281,-21.56109340653988,-47.43056352814803,164.5031155863089
6275.629821345512,-21.61717282179049,-47.5801559811139,161.3809769783815
6460.399547846248,-21.67290288517468,-47.24086009745286,158.0620605693198
6650.609342165354,-21.72815081564888,-47.83435035316727,158.5356562407744
6846.419373062246,-21.77943825379933,-48.17193880598511,155.2478461988198
7047.994525052141,-21.83253595775071,-47.89544251968861,153.0361203486087
7255.504537249341,-21.88444742135169,-48.41927151703661,150.5098089516749
7469.124146298393,-21.94923572790039,-48.99997492998048,151.6649994572155
7689.033233513427,-21.98855423393225,-48.36675149063659,151.2757485292408
7915.416976349733,-22.02915240224596,-48.58125308161594,146.4545587002731
8148.466004334919,-22.07466820427306,-48.67381819234927,148.2499745951073
8388.376559591132,-22.13248544480843,-49.382323332646,147.1919055525614
8635.350662083449,-22.15701171088405,-48.90284993752752,148.4916233964216
8889.596279733505,-22.20010931071668,-49.24948081974663,142.9620498557396
9151.327503541745,-22.24904527365073,-48.72244392034577,143.6914049965225
9420.764727865715,-22.27212398416439,-49.65447764139145,147.0051356726806
9698.13483600608,-22.30661793322287,-49.15414488740493,140.1874951704966
9983.671391256856,-22.34691591527339,-49.60151979033238,139.8934547923475
10277.61483358058,-22.37817162269361,-48.99225176096061,145.2059874016742
10580.21268207405,-22.41724943621258,-49.2962836223027,140.4491196896528
10891.71974339514,-22.44042125740808,-49.80551500865175,149.9104823726404
11212.39832632633,-22.47862195235767,-49.96127588312203,141.0613899009891
11542.51846265527,-22.49654845577712,-49.2709835913751,134.6044075060195
11882.35813455887,-22.53444980388661,-50.02106447468441,138.3914128347057
12232.20350868189,-22.54885042701158,-49.17271198340197,138.2090844595642
12592.34917710754,-22.59256805322869,-49.87226521211377,139.2556748165376
12963.09840542277,-22.60278536205752,-49.63803197011505,135.9177216218605
13344.76338808718,-22.63296962576946,-48.9248073318705,133.8329953972309
13737.66551132063,-22.64968283263858,-48.74075093808634,136.474136011746
14142.13562373096,-22.67081532914838,-49.44917966791073,130.9855676017285
14558.51431490954,-22.69438042374972,-48.41874548561989,132.0591164261325
14987.15220222935,-22.71440975742122,-49.11135406894454,127.6730728101051
15428.41022608728,-22.74271947768782,-49.23777195595011,130.4135174435087
15882.65995383876,-22.75414687149688,-47.54771883685169,127.5879848756903
16350.28389268123,-22.77463966257593,-48.66760991133522,127.3699946587055
16831.67581174958,-22.80154889978796,-48.23365766259607,125.0496615195301
17327.24107369475,-22.80973895227236,-48.14600676726944,125.5564210810397
17837.39697602494,-22.8282319348147,-48.65723044230557,121.9440847659323
18362.57310249675,-22.85150635779608,-48.67592638273153,118.2012935609002
18903.2116848519,-22.85867326998373,-47.48228822276693,113.1897263553153
19459.76797520472,-22.88586241546037,-47.62544341376618,115.2860741141397
20032.71062939324,-22.89302866503547,-48.08902946239662,113.6098613433853
20622.52210161733,-22.90274370420416,-48.65473092081803,110.1196952091499
21229.69905069592,-22.9202411049356,-48.21533285092293,109.9282822443088
21854.75275828522,-22.92623824046974,-47.7762871688971,105.1449272621268
22498.2095594105,-22.94927343691933,-47.46715359517515,102.9373365257492
23160.61128567377,-22.95456086372573,-47.69256559782172,98.48992945913287
23842.51572151034,-22.97457407385856,-47.81218018012414,92.093539328543
24544.49707387893,-22.98169938254542,-48.20217102372814,93.76080921423248
25267.14645578055,-22.9990953840439,-47.16416719073397,87.14124488645922
26011.07238401314,-23.00263317779274,-47.91061950380796,81.77021549515398
26776.90129158155,-23.02408747349141,-46.69367152256844,80.72416478166764
27565.27805519409,-23.02468104953245,-47.82481166320052,83.53184896598088
28376.8665382896,-23.03406120128897,-49.56987001096651,68.86719267167771
29212.35015005296,-23.04434992524813,-48.57088360590708,68.09181854061816
30072.43242088896,-23.05135761883388,-48.5550946920554,57.6577435661825
30957.83759483977,-23.0595380929101,-47.83130963154012,60.17928311961848
31869.31123944462,-23.07595114547468,-50.25132307549092,49.59178299615256
32807.62087355501,-23.07744407726092,-50.76549163130231,42.82585872353373
33773.55661363452,-23.09415145122122,-50.57290101472854,31.14943963798668
34767.93183908724,-23.09824462079771,-50.66164637875148,20.36433566645062
35791.58387717488,-23.11481411598386,-52.03366412249233,4.940679388254044
36845.37470809993,-23.11603250615584,-55.02749789982518,-29.87818254925926
37930.19169084747,-23.12951313134046,-52.87370366250354,-57.01540526321073
39046.94831039831,-23.13248572736915,-56.70113454692401,-107.4924709493915
40196.58494694132,-23.1654640726202,-49.85804100035743,-77.28518656851813
41380.06966773341,-23.15592383253305,-48.64926328839796,-29.89525634565058
42598.39904227405,-23.19480107801968,-47.67529691106469,25.41525657149583
43852.59898147993,-23.20402532313032,-49.7028842720504,156.192228430737
45143.72560156743,-23.25224807035034,-49.18750150079263,114.6288661640674
46472.86611336988,-23.23621758901608,-48.1946575173794,109.7358121483642
47841.13973783799,-23.24305985519734,-50.10240332646159,108.1035846713517
49249.69864849538,-23.247375174176,-50.65799208740511,93.66898286713007
50699.72894164213,-23.25787654254128,-49.46936983706229,90.0941501845316
52192.45163512308,-23.26053099545854,-48.75790749053149,94.55567456385049
53729.12369650304,-23.27224041681239,-49.98062629927306,64.73941517601872
55311.0391015131,-23.27223640510206,-53.1384230791535,93.10204844038921
56939.52992366081,-23.28425237628162,-52.89159563217407,72.27978731162133
58615.96745592105,-23.29759696934155,-55.29061520905061,28.6911186580377
60341.76336545168,-23.30769884957071,-55.02552868474907,78.67961303811701
62118.37088230737,-23.3204905793732,-54.55124890946074,91.4359147783853
63947.28602315203,-23.33137410130973,-56.15535540243796,100.7887161670791
65830.04885099978,-23.34613547861542,-53.18286772709985,102.0461460228078
67768.24477204615,-23.35783868102315,-54.26865630655372,108.1084839284287
69763.50587068136,-23.36386039893188,-51.84153761717716,126.3489479222308
71817.51228380893,-23.3871950998243,-51.03629437051433,147.804620829122
73931.99361562799,-23.3992849013256,-51.36990892789021,147.149533168861
76108.73039407053,-23.40369669989511,-47.58872960112933,144.2324922167135
78349.55557011877,-23.42299835656238,-45.73144711008059,149.60913881729
80656.3560612671,-23.43023424073883,-45.8930911393552,149.7968291968652
83031.07434042638,-23.45289736516741,-43.63556153038765,152.3673412946035
85475.71007160991,-23.46585035879265,-43.26308057548196,151.3443107535629
87992.32179377828,-23.47542089324175,-42.70728823942726,147.0167140661581
90583.02865425961,-23.47475663110086,-42.26643392511264,136.6152650900041
93250.0121932069,-23.49704471008009,-41.46178987618573,135.7356702520094
95995.51818059398,-23.51837648367548,-40.18957686378701,132.6384301481119
98821.85850729632,-23.52337297151997,-40.05792224318895,120.1661990595397
101731.4131318507,-23.52717262907142,-39.64250540967762,128.0246519042736
104726.6320845318,-23.5355700541924,-38.9201391968087,121.2473282840319
107810.0375304339,-23.54571206122993,-38.21705418610797,118.3836486604964
110984.2258932938,-23.54196547965703,-37.55674205827023,115.4333428968405
114251.870041846,-23.55577039770409,-37.99733960537053,112.2858441608907
117615.7215405476,-23.55273283884488,-37.16983431536732,107.131996324746
121078.6129665708,-23.56193775874942,-37.1547090028964,107.8260109714723
124643.4602950139,-23.57120985384754,-36.61686437019502,106.4689860713781
128313.2653543373,-23.56736699454163,-36.62284720371016,103.5437849506548
132091.1183540947,-23.36611630937607,-36.22443623401225,100.9500416026216
135980.2004870859,-23.39212398872402,-36.26751553681574,99.52054567172408
139983.7866081243,-23.38723021697716,-36.20999230391095,94.13314250291714
144105.2479916727,-23.38210220544046,-35.90129375207768,91.14370017409605
148348.0551706712,-23.3704339981107,-35.63434395098048,90.82693235729768
152715.7808589469,-23.37453285583641,-35.53825758384435,89.29352805215809
157212.102959667,-23.37053472705319,-35.34087676493469,88.25232437153602
161840.8076623665,-23.39540258599271,-35.48068110098179,84.74553536201859
166605.7926311613,-23.37328401670062,-35.16919405963669,85.26214888781728
171511.0702868306,-23.35097465664052,-35.54308008677583,83.61192256128029
176560.7711855289,-23.36000924801039,-34.868132503084,85.95258526464809
181759.1474969783,-23.34064611389255,-34.80843053891662,83.28405689650391
187110.5765850667,-23.34220539487903,-34.55154717713175,84.12669321284702
192619.5646938656,-23.34181208983982,-34.54354474949697,79.53420797792978
198290.7507421761,-23.31697269047921,-34.23789653388218,81.4248390267079
204128.9102297926,-23.32066181277717,-33.8021419053508,80.10204586757872
210138.9592587783,-23.28435020412765,-33.78270354205816,80.02510055287763
216325.958673136,-23.28466162996844,-33.44891239474856,76.56495337509459
222695.1183203624,-23.23484623554543,-33.52604749282938,74.61491039437405
229251.8014384689,-23.22825491138175,-33.37483396009536,77.53498923441859
236001.5291721713,-23.21481026898172,-33.37361806371712,76.39729315828416
242949.9852220451,-23.19018923877963,-33.04039643725761,74.57506323378894
250103.0206305628,-23.16009565338384,-32.81024136720977,74.48410502595604
257466.6587090448,-23.14061160489982,-32.20043938633726,74.15226709534073
265047.1001096703,-23.10534539395391,-31.94008755571311,73.245312550322
272850.7280468222,-23.0816890136619,-31.78987695086931,73.29406912688887
280884.11367216,-23.05902568499162,-31.64521285156055,75.52885559152104
289154.0216079467,-22.99697846159974,-31.73489746458363,71.54169587803422
297667.4156432934,-22.96699764372967,-31.32578754901841,70.65119460021259
306431.4645981119,-22.92422190547248,-30.99137751937464,70.42551350317342
315453.5483597181,-22.88798214839364,-30.8989244942736,69.18811447227617
324741.2640971664,-22.84929078745144,-30.80523343963771,69.24631980614643
334302.4326585508,-22.79683965410619,-30.47124399861189,69.50648434527983
344145.1051566567,-22.7236836720957,-30.41633761315051,68.47948487709104
354277.5697485098,-22.68555085001802,-30.05459433823849,66.94167870820661
364708.3586145334,-22.61506562568051,-30.0214568749594,66.46006723353213
375446.2551431867,-22.53901993135432,-29.81193691347927,65.69264897068111
386500.3013271372,-22.48369472421875,-29.57165655279971,64.80708702502203
397879.8053771952,-22.41214733353554,-29.35207346865539,63.3883724141952
409594.3495604189,-22.33418625896004,-29.19468744831791,62.44293634923614
421653.7982689947,-22.26288032704961,-29.16380525734532,60.62142472270509
434068.306326682,-22.18660419088289,-28.93866687931847,60.26312524459259
446848.3275398232,-22.10378045730089,-28.80474843450796,58.69956340732678
460004.6235001133,-22.03664115827862,-28.67784640431239,57.46137378343214
473548.272646545,-21.9517095568797,-28.50846913251559,55.93823802973058
487490.6795941614,-21.8437968174246,-28.31501899775063,56.0718433112077
501843.5847374665,-21.77380746029376,-28.15341132227793,55.30124167899758
516619.0741365862,-21.66485111520289,-28.02555418962244,52.56279998129089
531829.5896944992,-21.55228578092377,-27.90177408255349,51.76121654098749
547487.9396339129,-21.41764689388595,-27.81987226046828,51.14555983055949
563607.3092826026,-21.31364711672024,-27.66286025654507,50.1235749440037
580201.2721762955,-21.1916776721561,-27.65994019411763,49.97609926772334
597283.801488454,-21.05430648052287,-27.41801346858554,48.85053763780734
614869.2817965766,-20.93503150460476,-27.44682582033793,47.75402491058382
632972.521194929,-20.82679354945194,-27.20071577283045,46.52073348258268
651608.7637639004,-20.68140439717896,-27.08134368437843,45.53712249155025
670793.7024064925,-20.52684519534839,-27.02671603401459,45.20971183239354
690543.4920627425,-20.41326734127244,-26.85764856825515,43.93794664506444
710874.7633132092,-20.24904115287732,-26.83243056938489,43.61634291273101
731804.6363829838,-20.08906917546408,-26.68883957920753,42.67616307166755
753350.7355580081,-19.9377841535771,-26.48922379124828,41.72795681004537
775531.2040258464,-19.78810791659569,-26.43506573377752,40.7488346899239
798364.7191534032,-19.63661585611799,-26.29542792944789,40.56027226616591
821870.5082144573,-19.47602882467944,-26.30869661578833,39.70797951802447
846068.3645802501,-19.31827820982452,-26.14381125094026,39.38666261027221
870978.6643867637,-19.14291009992377,-26.06195372387876,37.47294557560609
896622.3836927267,-18.96769469932125,-26.15035732458706,36.52171828178345
923021.1161427905,-18.77111135234337,-26.05083436480187,36.56255643179817
950197.091150752,-18.588419854238,-25.92982132968132,35.93633607276247
978173.1926181379,-18.40073808095402,-25.82185908603025,34.93869027829057
1006972.978203906,-18.23308632652533,-25.74942459424157,33.93350260156944
1036620.699161493,-18.03599867178299,-25.67871476839175,33.06748737053777
1067141.320759916,-17.85558739787646,-25.63813094167828,32.4400290762495
1098560.543306119,-17.66554186845354,-25.60140396656606,31.85262431366647
1130904.823786265,-17.51490580835702,-25.57692847210818,31.65566684244986
1164201.398144207,-17.32572158315079,-25.49119069892848,30.63557491745401
1198478.304215884,-17.10240021821982,-25.53007178279328,29.89342446067518
1233764.405338966,-16.8950065070831,-25.55747769082675,28.85786979134273
1270089.414657624,-16.69179714823996,-25.48470442723687,28.56024822486599
1307483.920142883,-16.52584667909128,-25.46699580316702,28.28550468863857
1345979.410349649,-16.35025619597379,-25.38299774372005,28.00873934284598
1385608.300932076,-16.16994675952186,-25.26034378914781,27.57238872673714
1426403.961939608,-15.94037886918933,-25.3147725884114,26.68490709723419
1468400.745916684,-15.7280512450492,-25.30122668539064,26.17913712649121
1511634.016829774,-15.51493999702218,-25.26378835244638,25.73450217704653
1556140.179846087,-15.33490425125265,-25.19646729118004,25.39470728506133
1601956.711989042,-15.11602541253011,-25.1011028747798,24.82268905908142
1649122.193696305,-14.91790848394789,-25.04220369521176,24.44012601896873
1697676.341306978,-14.71464249085598,-25.0345473326273,24.08025375126448
1747660.040505285,-14.51152537427379,-24.99259497692549,23.81055357365913
1799115.380748917,-14.31937489189588,-24.97557914394865,23.62548189381842
1852085.690711044,-14.12004260286361,-24.98792838636306,23.41968951171219
1906615.57476581,-13.97498493053741,-24.99991134967529,23.34841763264946
1962750.950548059,-13.81899703125261,-24.98471825221181,22.89149679486038
2020539.087618907,-13.66104572148096,-24.98252290458316,22.8284626034494
2080028.647269725,-13.50467385845963,-24.96901240655154,22.57096173549307
2141269.723498041,-13.36988739556658,-24.92522392157476,22.35691791069388
2204313.88518988,-13.24001575283173,-24.86216991891938,22.37530321493264
2269214.219544047,-13.10945888331606,-24.82001348951823,22.47230989897075
2336025.376774928,-13.00787515300387,-24.77073747530341,22.57221735408147
2404803.616131458,-12.92922613093114,-24.69943105194346,22.61047633762918
2475606.853270979,-12.86297696343361,-24.58921022667036,22.60320413401808
2548494.709027925,-12.80812201314512,-24.49736886860416,22.60989332018199
2623528.55961835,-12.76820816651438,-24.38450483359581,22.61966186373265
2700771.588322616,-12.73976874784617,-24.27780345117815,22.416460639209
2780288.83868974,-12.7181517004171,-24.1300317458853,22.22655776189705
2862147.269308198,-12.72035220987825,-24.00356272114962,21.96409958604372
2946415.810189329,-12.69247275652955,-23.82766648986155,21.51155746541248
3033165.420810785,-12.70879795041756,-23.64842607570796,20.93201695308806
3122469.149868934,-12.70634091465698,-23.50895219895138,20.26304176552146
3214402.196790521,-12.74192478273425,-23.35946279596105,19.39850381364751
3309041.975055357,-12.78745876460583,-23.21378570867678,18.37217854544868
3406468.177383419,-12.83736079033047,-23.12539513700077,17.40153640725951
3506762.842841177,-12.88899492836567,-23.10281586703698,16.42751688541428
3610010.425923727,-12.94115354042896,-23.11158420443718,15.34429113179989
3716297.867670842,-12.93161477594699,-23.0573177192979,14.36195530750463
3825714.668876872,-12.84103735867145,-23.00931753473269,13.42042907458884
3938352.965456109,-12.97728181866255,-23.04960869444131,12.59013853513182
4054307.606027094,-12.87605952842416,-23.07212871161511,11.81909609517997
4173676.231781195,-12.77551893609146,-23.12039566187897,11.13725600298038
4296559.358702706,-12.91529300626974,-23.16796911387932,10.57316138967428
4423060.462209709,-12.80588012069515,-23.19659181487031,9.984100686742389
4553286.064286963,-12.74393329720426,-23.21764477614221,9.556081287380206
4687345.823184201,-12.89799611303684,-23.25744218603835,9.19693243279394
4825352.625755358,-12.64134868227186,-23.27645899532259,8.791654116426908
4967422.68251649,-12.63333130784545,-23.30764760939485,8.409039372333529
5113675.62550243,-12.62634642014308,-23.34090942079321,8.012811359257658
5264234.609004578,-12.60840928635821,-23.36402435880932,7.756903076300612
5419226.413274658,-12.49986375806857,-23.40472185667182,7.520161101615083
5578781.551281766,-12.43455873106351,-23.40221567511657,7.298665125941096
5743034.378612595,-12.44770844357725,-23.40818827387289,7.066484823843385
5912123.2066074,-12.53216093635016,-23.37865922211371,6.932290157934221
6086190.418826948,-12.44597088354814,-23.36719805417097,6.780406050017736
6265382.590948555,-12.45642535793396,-23.35365507059602,6.586860823115062
6449850.614192127,-12.43493417142788,-23.33212980477134,6.427987120409563
6639749.822380182,-12.45229631385466,-23.29169913248577,6.266578985915784
6835240.122738823,-12.48364233515583,-23.27532843984503,6.04472426051653
7036486.130549799,-12.51566557789873,-23.27747458518159,5.927122330120874
7243657.307767056,-12.53481866385296,-23.29810500708016,5.765106767573414
7456928.105714503,-12.55849743627669,-23.32166163059621,5.740311665045556
7676478.111985122,-12.56959638635177,-23.3290956304769,5.54228995950285
7902492.201665168,-12.64677584954427,-23.30759888171709,5.481788909762402
8135160.693010744,-12.66744130647933,-23.29636552969941,5.297848707431927
8374679.507707947,-12.67983496064734,-23.29056294101287,5.207813537845395
8621250.335851332,-12.72565498452463,-23.28425567352844,5.133203420264368
8875080.805779858,-12.77641455052119,-23.27575392956573,5.04556471257802
9136384.658913162,-12.85428014083516,-23.2718183424834,4.879604444615209
9405381.929735444,-12.90275146809902,-23.25768827325822,4.809970625199699
9682299.131078521,-12.9459417878701,-23.24577525498854,4.748269413407394
9967369.444860045,-13.02299695832012,-23.22843231619039,4.620272943186229
10260832.91843754,-13.08676700490354,-23.21183149914793,4.529773645204465
10562936.66674354,-13.21801773475817,-23.18803954787648,4.4400969241133
10873935.08037214,-13.22810535201711,-23.18522248799098,4.463420573554428
11194090.03979202,-13.31100805685384,-23.15664824706433,4.349250731499881
11523671.13586653,-13.39622292542345,-23.14978655400416,4.15683369295094
11862955.89686633,-13.48736778626667,-23.13268227205529,4.184127154409669
12212230.02216589,-13.61280245400567,-23.1407575744418,4.181560358189507
12571787.62282052,-13.68099145149926,-23.15557839792515,4.10142715975918
12941931.46922664,-13.7820591102112,-23.15968543116788,4.450197760018858
13322973.24607376,-13.92461246259595,-23.16142364370986,4.958062858809794
13715233.81480275,-14.01994775808821,-23.10054361934334,5.653744933023046
14119043.4837917,-14.14306455312417,-22.98632898755886,6.285296461970312
14534742.28649654,-14.27851348981869,-22.83750372951521,6.603953007538379
14962680.26778092,-14.42367657670287,-22.68009918709968,6.735812078582194
15403217.7786762,-14.57637577882908,-22.54217044278857,6.476269769170655
15856725.77982007,-14.73968804231345,-22.418013691958,6.345330043873917
16323586.15382892,-15.01637662772361,-22.3083937730051,6.195670884937949
16804192.0268674,-15.08172363888105,-22.17074800349052,5.956391357936216
17298948.09968567,-15.24875414532638,-22.06557333595212,5.740509029778808
17808270.98840315,-15.42775036723237,-21.93095774833944,5.476859630232645
18332589.57532591,-15.61134249728536,-21.7913383787848,5.318528212487241
18872345.37009279,-15.80372568394486,-21.66799340229085,5.00951753639392
19427992.88145474,-16.00965427725408,-21.53659728423739,4.764677997591344
20000000,-16.24340903122175,-21.32639352565546,4.401384269015267
